logFC,logCPM,PValue,FDR
gene-LOC124188601,5.95403167175548,9.21243703903969,1.15247750773637e-80,9.08152276096261e-78
gene-LOC124188370,3.00641377434802,8.05833973049171,4.54486481573247e-73,1.79067673739859e-70
gene-LOC124189021,3.10424240496462,6.61182301776789,1.60682627932894e-72,4.22059702703736e-70
gene-LOC124189716,4.59515138634417,5.56631259812776,1.72072962206282e-59,3.38983735546376e-57
gene-LOC124188543,-4.94933706332186,6.97752523298005,1.21851180555999e-58,1.92037460556255e-56
gene-LOC124188759,2.62641370135033,8.5855237486027,4.98578218999553e-50,6.54799394286079e-48
gene-LOC124188959,-1.98224854574514,8.71103745426677,9.50089145106959e-50,1.06952892334898e-47
gene-ATP8,-3.34869588003729,11.2950627669285,2.24693062645466e-49,2.21322666705784e-47
gene-LOC124189011,9.47440173797854,5.05212984727844,6.76955632480437e-49,5.92712264882871e-47
gene-LOC124188464,9.6418240840777,4.46648085161769,1.73873497776435e-48,1.37012316247831e-46
gene-LOC124189818,1.54188197652387,9.68477812598514,2.19627932964625e-46,1.57333464705568e-44
gene-LOC124188750,1.59515871344697,8.38498601023209,1.22311629598716e-44,8.03179701031568e-43
gene-LOC124188623,2.67643353222649,8.00876492674765,8.81909459604647e-44,5.34572810898817e-42
gene-LOC124189049,4.54989756498849,4.35875000206651,2.37832239228031e-42,1.33865574651206e-40
gene-LOC124189010,9.38430566429162,5.17429089587942,2.57124735146592e-42,1.3507619419701e-40
gene-LOC124188748,1.72240931624782,7.86085105613,4.81309319705296e-42,2.37044839954858e-40
gene-LOC124188858,4.24725704324477,6.49533698316663,5.51369452561213e-39,2.55575958010727e-37
gene-LOC124188584,2.06952744607342,7.61696511941723,1.99657143091752e-38,8.74054604201671e-37
gene-LOC124188739,1.99246304340609,8.74015693398518,7.70733297302369e-38,3.19651493828561e-36
gene-LOC124188949,-9.27186629119517,5.7818929594015,1.26170876123974e-35,4.97113251928459e-34
gene-LOC124188530,2.52160950828286,9.276576892274,1.78009918187215e-35,6.67961026340599e-34
gene-COX3,-1.32903424970162,15.0873267367829,1.06167388469462e-34,3.80272282336073e-33
gene-LOC124189665,1.35952225478185,9.87231171176986,9.98002943455338e-34,3.41924486714263e-32
gene-LOC124188585,3.22904419547684,5.42930517707299,2.28453148521911e-33,7.50087837646941e-32
gene-LOC124188902,8.77135605400922,4.49811638705869,2.27927532514626e-31,7.18427582486101e-30
gene-LOC124188701,3.05344494013241,6.38000619689719,9.6162505329676e-31,2.91446362306864e-29
gene-LOC124188269,10.2987607538653,9.05512454772205,4.25490006603861e-30,1.24180046371793e-28
gene-LOC124188299,-1.4177363917854,8.92520412663295,1.27722332825229e-29,3.59447136665287e-28
gene-LOC124188773,2.65572664984193,7.72191528636865,2.18574932198374e-29,5.93920850249374e-28
gene-LOC124188932,4.74917366362373,4.89586203960916,2.54646220010827e-29,6.68870737895105e-28
gene-LOC124189038,1.54550570874873,9.88643628444721,6.4440439602742e-29,1.63803440022454e-27
gene-LOC124189819,3.05113390630774,5.70295060120957,6.95093734831599e-29,1.71166832202281e-27
gene-LOC124188767,-1.52423157530781,8.80434677548458,2.63428011465678e-27,6.29034160711983e-26
gene-LOC124188295,3.6419444395461,4.77074271769091,5.66441438830304e-27,1.31281133470082e-25
gene-LOC124188409,-1.20154129472046,9.24190368447577,2.24818893891074e-25,4.92458351938356e-24
gene-LOC124188520,1.88368911198437,7.20341617757473,2.24980972966762e-25,4.92458351938356e-24
gene-LOC124188883,3.39178989383664,4.58882890329451,1.41984355084619e-24,2.97777114260105e-23
gene-LOC124188385,-1.21942416894602,8.68091157304842,1.4359810078533e-24,2.97777114260105e-23
gene-LOC124189686,1.31634353416863,9.39257758243359,1.00343617143155e-23,2.02745564894374e-22
gene-LOC124188455,1.51453334775003,8.39753290383786,2.01635225694381e-23,3.97221394617931e-22
gene-LOC124188268,9.68556191536372,9.18713811871875,2.25947278492271e-23,4.32264106378382e-22
gene-LOC124189693,5.15414907041551,3.68688997065879,2.30394574465635e-23,4.32264106378382e-22
gene-LOC124188761,1.73634044723947,6.58056493331921,3.23303771036182e-23,5.92472957154678e-22
gene-LOC124188401,-1.03379057743747,9.63765577027951,7.1980388036452e-23,1.28910331301646e-21
gene-LOC124188338,-2.18538820348725,6.13751831808471,1.08739105884353e-22,1.90414256526378e-21
gene-LOC124188662,-2.16647224646368,9.30662489396592,1.28779558992025e-22,2.20604983664599e-21
gene-LOC124189657,-1.12064583282339,12.8931981112684,3.98182085556665e-22,6.6759039025245e-21
gene-LOC124188581,-1.43432992443115,13.3352097390173,8.58093286425627e-22,1.4087031452154e-20
gene-LOC124188758,2.83385869035717,4.59449573836631,1.26275503181314e-21,2.03071625524236e-20
gene-LOC124189806,2.59425940038586,6.45196422015195,2.25774748864193e-21,3.55821004209968e-20
gene-LOC124188383,-1.10848263485813,8.76027475495151,3.72860994081861e-21,5.76106790855896e-20
gene-LOC124188741,-1.41100548171273,7.91488119330662,2.38355280114217e-20,3.61199924480774e-19
gene-LOC124188414,-0.937053284178855,9.43491201474048,2.45101306442352e-20,3.64414772597308e-19
gene-LOC124188798,3.54614559304049,4.41211983540862,2.92870019655192e-20,4.27373287941279e-19
gene-LOC124188683,1.28511348514407,7.99670845250601,3.7231223210372e-20,5.33421888904966e-19
gene-LOC124188615,3.0579959566232,4.52961359655117,5.49146058633721e-20,7.72726953934593e-19
gene-LOC124188762,-4.11750989372291,5.26849689512328,8.13598318554363e-20,1.12476399126463e-18
gene-LOC124189009,-1.7580776577291,7.59100600615917,1.19358978767486e-19,1.62163578049619e-18
gene-LOC124189000,1.57694587709538,8.5848349542139,2.23757093269597e-19,2.98848456773631e-18
gene-LOC124188369,-1.24664869766874,7.37804722476263,4.57822334590577e-19,6.01273332762291e-18
gene-LOC124189825,1.86801526205815,6.36206376142296,9.12911919514343e-19,1.17930261078246e-17
gene-LOC124188332,1.86280279754158,7.71843541544734,1.26535537727537e-17,1.60542908685655e-16
gene-LOC124188351,2.16712626430436,7.28111824334218,1.28352833086247e-17,1.60542908685655e-16
gene-LOC124189797,2.07755219051991,5.43878677157635,2.11570601272222e-17,2.60496302816424e-16
gene-LOC124188712,1.00647263082243,11.9639806565804,3.19523117708909e-17,3.87360333468646e-16
gene-LOC124189019,1.58414381178912,6.69481740400582,4.7567118231151e-17,5.67922563123439e-16
gene-LOC124188346,5.24635962368162,3.05277262697973,5.05148747458245e-17,5.94115243279249e-16
gene-LOC124188924,1.15981816737993,9.46663054230669,4.8082099839013e-16,5.57186686369739e-15
gene-LOC124189692,5.90085078275133,4.19964212803195,6.45352384749154e-16,7.37011129249758e-15
gene-LOC124188766,0.716216889626407,11.5835562359117,8.18272395853221e-16,9.21140925617626e-15
gene-LOC124188805,0.921551329704804,8.17512503125809,1.04526971891271e-15,1.16010216690594e-14
gene-LOC124188363,1.11185842098586,9.44566277854996,1.08913470569943e-15,1.19199742790438e-14
gene-LOC124189660,-2.17320599089501,5.91210938851622,2.35785633700686e-15,2.54519286789234e-14
gene-LOC124188453,-1.78525746085571,9.02014812229913,3.22399199969679e-15,3.43311580508253e-14
gene-LOC124188735,-0.792207138859881,12.1658221199803,3.8427398639879e-15,4.03743868376329e-14
gene-LOC124188526,-1.10365683010053,7.66254572366855,6.19201972356546e-15,6.42014676601261e-14
gene-LOC124189179,1.09482574540944,6.80796584525231,6.53795195615562e-15,6.69078719668912e-14
gene-LOC124189773,-1.03428874759785,8.2625979623217,7.27586201351228e-15,7.35048623929189e-14
gene-LOC124189794,3.59814247195377,6.65001462569914,8.17937592238151e-15,8.15866864156536e-14
gene-LOC124188958,1.99012987487098,7.54387649554327,8.56324739889128e-15,8.43479868790791e-14
gene-LOC124188366,-0.64457755979785,9.71503568682548,9.82560158394269e-15,9.55873339277388e-14
gene-LOC124188333,1.81334755689757,9.10260768943504,1.04060678321315e-14,9.99997738014586e-14
gene-LOC124188733,1.75466198974495,6.71717940954984,1.29783414493789e-14,1.23216060989284e-13
gene-LOC124188888,0.90101269348722,8.66864866553303,1.41864053720137e-14,1.33081993251748e-13
gene-LOC124189710,1.26757297532735,8.40880237907661,1.72279649004851e-14,1.59713368724498e-13
gene-LOC124188564,1.23414600820641,7.51977302565859,3.54966959259979e-14,3.25248795228911e-13
gene-LOC124188294,1.64794931713347,5.78948601722382,3.78274327755432e-14,3.42620885369287e-13
gene-LOC124188989,2.16319107187285,4.52368715132165,1.01366927527398e-13,9.07694760131702e-13
gene-LOC124188731,0.728930926194822,10.9942798619184,1.60250002979091e-13,1.41884272300588e-12
gene-LOC124188864,0.956844955472395,8.24719616565267,1.83330158856785e-13,1.6051573908794e-12
gene-LOC124189018,-1.02718895238784,8.12020611267711,2.00124964117913e-13,1.73295023873534e-12
gene-LOC124188744,-0.721006355952456,10.1780143951303,2.7258614359108e-13,2.32467855128232e-12
gene-LOC124188297,0.641999495776822,13.1148098006558,2.74359270646263e-13,2.32467855128232e-12
gene-LOC124189699,1.83682563329017,5.9893972763072,3.668340208823e-13,3.07516179207715e-12
gene-LOC124188350,1.56995204866966,8.1863302375578,4.25438682103604e-13,3.52890191050148e-12
gene-LOC124189738,-1.09902808678788,9.78112184730378,5.36226583124466e-13,4.40152653647999e-12
gene-LOC124188602,1.07201133248638,8.94775609393658,6.59271684326368e-13,5.35573285823895e-12
gene-LOC124189663,-1.04371988577255,11.0253291974762,7.83748010281705e-13,6.30197379695902e-12
gene-LOC124188713,-1.50772093461792,6.42247687962493,1.02680963021553e-12,8.17298978393772e-12
gene-LOC124188792,1.01491092637471,9.6469892775909,1.05414328300345e-12,8.30664907006717e-12
gene-LOC124189713,1.06504870612465,7.76370694027786,2.00366895172791e-12,1.56325854847682e-11
gene-LOC124188580,0.68418733142816,9.37804494239455,2.12778537631955e-12,1.64381850641158e-11
gene-LOC124188527,-1.2639931871527,7.37480633751879,3.16461207228191e-12,2.42108185724092e-11
gene-LOC124188304,0.746600120212486,9.06799447353388,3.34439228233707e-12,2.53402030623232e-11
gene-LOC124188555,-1.32595575279241,7.73394988860007,3.66557120574453e-12,2.75092391440637e-11
gene-LOC124188702,4.19619019030494,5.48861753894026,4.07889959776629e-12,3.03223856890551e-11
gene-LOC124188638,1.13359790452116,6.8258679783006,4.33660107648033e-12,3.19368378342663e-11
gene-LOC124188402,-0.584944446455774,9.71201677642831,5.30658817850746e-12,3.87184396728137e-11
gene-LOC124188540,1.99919571017079,7.76562567168088,7.36843331137644e-12,5.3269040819859e-11
gene-LOC124188404,-0.821978192049842,8.0003103107252,1.32223208826046e-11,9.47198986862944e-11
gene-LOC124189728,1.87307904261393,7.68883083077772,1.66133632930281e-11,1.17939912386542e-10
gene-LOC124188944,-0.899862922071673,8.0185158193416,1.68979801188265e-11,1.18889360121743e-10
gene-LOC124188607,-0.901643563937714,8.72391127426202,1.74521125776628e-11,1.21701457621223e-10
gene-LOC124189711,-1.01154487343953,7.87197932896234,2.14130766507939e-11,1.4801319649847e-10
gene-LOC124188880,0.629278563488578,8.79353405451808,3.10808481005216e-11,2.12971376549661e-10
gene-LOC124188807,0.79198182457554,8.72248760397746,3.31150461070017e-11,2.24953933899287e-10
gene-LOC124189702,-3.1315212628272,8.51084660530733,4.53313094173773e-11,3.05308306161481e-10
gene-LOC124188636,1.00142769856885,7.30613130830881,5.35926159838187e-11,3.57889672841094e-10
gene-LOC124188810,1.16707110643223,7.29480141919986,6.94293909144297e-11,4.59638168120076e-10
gene-ATP6,0.888301474694825,14.3243361533997,6.99956601198085e-11,4.59638168120076e-10
gene-LOC124188262,6.80085543793172,3.52102958229942,7.85850370947520e-11,5.11776935790617e-10
gene-LOC124188898,-2.68772843044918,4.89361479731566,9.13778652089716e-11,5.90211129382538e-10
gene-LOC124188322,0.949404514684502,8.86859607978181,1.10812942468851e-10,7.09923566385807e-10
gene-LOC124189688,5.29768994961431,3.52005381982316,1.95681738763318e-10,1.24352588827012e-09
gene-LOC124189137,0.478901407084821,13.8914238099189,2.12848344680056e-10,1.34179596486308e-09
gene-LOC124188669,-1.01210512506114,7.37147124816564,2.51212964655607e-10,1.57107790594141e-09
gene-LOC124188529,0.725674671917658,9.00540596107895,3.15949414893988e-10,1.9603790467438e-09
gene-LOC124188456,-0.60566706333121,9.7111463234485,3.61757586356844e-10,2.22707014100932e-09
gene-LOC124189707,-0.658956824007736,8.89063208158,3.84944026115676e-10,2.35144102774537e-09
gene-LOC124189695,-0.802335309866262,8.23593452128537,4.02273344070697e-10,2.43839534713623e-09
gene-LOC124188752,0.749062421088524,8.42248854149716,6.36444801178023e-10,3.82838552158994e-09
gene-LOC124188827,0.85280112699048,9.59400551457542,8.12644294426384e-10,4.85124018187872e-09
gene-LOC124188972,3.44461833442062,7.47325664814242,8.48320951844526e-10,5.02614218085328e-09
gene-LOC124189812,1.69421195681426,7.26079680338978,1.13507662820424e-09,6.67492823152939e-09
gene-LOC124188779,-1.02543265514849,8.47171107726589,1.17584631312653e-09,6.86345847958299e-09
gene-LOC124188265,-0.858976081987454,8.9746187476448,1.48272909644857e-09,8.59110682354026e-09
gene-LOC124188572,-0.851342176089097,9.1552047845965,1.59394474656778e-09,9.16809095106137e-09
gene-LOC124188692,1.76953646123818,4.46273581554649,1.6592484929054e-09,9.47454936528589e-09
gene-LOC124189676,3.39675513845455,2.72236411555567,2.50151688465911e-09,1.41812611878516e-08
gene-LOC124188345,6.61625240561367,2.56174479197331,2.66295586744554e-09,1.49886373110506e-08
gene-LOC124188341,-1.76922177769981,5.78716860080594,3.04275367127795e-09,1.69211274082627e-08
gene-LOC124188522,1.55904337083958,9.57650935184266,3.0492386953976e-09,1.69211274082627e-08
gene-LOC124188502,6.55925501013464,2.94882280000747,3.62692451081816e-09,1.99861294722008e-08
gene-LOC124188339,1.65238341406916,5.67631911433837,3.88533919611513e-09,2.12614394898523e-08
gene-LOC124188635,0.946585079626061,14.9697376739875,4.19874922504677e-09,2.28180302712887e-08
gene-LOC124188874,0.638827294299375,9.37195144959919,4.28470173575425e-09,2.31256504642079e-08
gene-LOC124188725,-1.27921071005787,7.26839869944269,4.86988300533297e-09,2.59980891961577e-08
gene-LOC124188330,1.89249485793458,8.21403895282954,4.88288984902454e-09,2.59980891961577e-08
gene-LOC124188819,2.17102143241891,5.79198855751705,5.18685997673659e-09,2.74311789373721e-08
gene-LOC124188301,2.16331828720703,6.3749729670104,1.01577275837296e-08,5.3361928906526e-08
gene-LOC124188908,-2.25307307488911,5.26438678863972,1.69043658878966e-08,8.82161610573679e-08
gene-LOC124188716,0.632174139047356,9.48688164388649,1.86351880969634e-08,9.66087382921525e-08
gene-LOC124188942,-1.16357523678831,7.0393238869325,1.88844366079513e-08,9.72610199154614e-08
gene-LOC124189793,1.14492046107974,6.54616307227683,2.06944235982259e-08,1.05337431671184e-07
gene-LOC124189717,5.04959569642238,7.08546648435268,2.07199262804994e-08,1.05337431671184e-07
gene-LOC124188687,4.43768316763085,3.29488945783068,2.11465872434291e-08,1.06817376588603e-07
gene-LOC124189249,-0.714058237433171,11.6740695540742,2.47769079923393e-08,1.24357984063461e-07
gene-LOC124188755,-0.724697508183032,8.03887397731062,2.97218521795601e-08,1.48233034920844e-07
gene-LOC124189700,-0.575610576045481,10.0077185140564,3.92406524471866e-08,1.94475686342032e-07
gene-LOC124188426,-1.74787801490868,7.82950755991086,4.83844804640488e-08,2.3829356628544e-07
gene-LOC124188821,0.449867196157882,9.81840334187338,5.01334994822609e-08,2.4537389808709e-07
gene-LOC124188901,4.0578796977324,4.36794067914948,5.93334446190538e-08,2.88609594813669e-07
gene-LOC124189307,-0.777406952383828,11.2570731145368,7.92062597946873e-08,3.82911243670022e-07
gene-LOC124189705,3.10737785872706,4.07080210469219,8.07716316420684e-08,3.88097839841158e-07
gene-LOC124188955,1.16776670338492,9.59704141389569,9.24500152497142e-08,4.41518860707726e-07
gene-LOC124188479,0.889973723060842,8.95028217742499,1.01087429266504e-07,4.79860808807259e-07
gene-LOC124188411,-0.652487053068504,11.4689994361457,1.27539704452193e-07,6.01804114421128e-07
gene-LOC124188364,-4.4047681567717,3.82817266371282,1.65532948325766e-07,7.7642835286133e-07
gene-LOC124189776,1.04676332503943,8.83021119614915,1.71203588425492e-07,7.96753268066728e-07
gene-LOC124188312,0.984425627900945,9.89028142340225,1.71888395395106e-07,7.96753268066728e-07
gene-LOC124188403,-0.651994126697792,8.44545353069694,2.19784068191269e-07,1.01280611540772e-06
gene-LOC124188824,6.27592850629784,4.33329833476635,2.27491512901911e-07,1.0324645540527e-06
gene-LOC124188343,0.840862722104593,7.12423723712156,2.27613877408491e-07,1.0324645540527e-06
gene-LOC124188863,0.823556415429083,11.0907267390944,2.2798075178321e-07,1.0324645540527e-06
gene-LOC124188990,4.88727937174271,2.79979016764766,2.45858907032319e-07,1.10706753566553e-06
gene-LOC124189034,-0.586747697437538,9.43505599091228,2.5065226772524e-07,1.12223856231528e-06
gene-LOC124188823,-1.20399517513755,5.80316159530457,2.64268346339047e-07,1.17242671225344e-06
gene-LOC124188890,0.881652935632416,6.81797415823898,2.64837506067401e-07,1.17242671225344e-06
gene-LOC124188408,-0.561794736216208,10.9512262760417,2.79833796293839e-07,1.23189403061198e-06
gene-LOC124188362,0.553763510441657,10.2202996776721,2.84920188173851e-07,1.24731726822775e-06
gene-LOC124188851,-0.736646133827869,8.80565391684387,3.23014427939345e-07,1.40627275810057e-06
gene-LOC124188419,-0.81233778667227,7.44730109363787,3.57861113249535e-07,1.54178876986669e-06
gene-LOC124189762,1.37054315579826,10.2459336292052,3.58055006200006e-07,1.54178876986669e-06
gene-LOC124188577,-0.722545307229815,8.40982612249732,3.74130849859644e-07,1.60225603092065e-06
gene-LOC124189742,2.41117316720732,5.8451315340169,5.13460152366724e-07,2.18706270305394e-06
gene-LOC124188592,-1.13070017312449,6.81460537946805,5.20358351623416e-07,2.20452893053361e-06
gene-LOC124189291,-0.770625757311226,7.95416172270042,5.97149396779913e-07,2.51633007840947e-06
gene-LOC124189799,0.578958212836185,8.54539650486109,6.54396604829261e-07,2.74289640747584e-06
gene-LOC124188565,0.991789641351385,6.05550845885949,8.86111962822361e-07,3.69447738996836e-06
gene-LOC124189039,0.486926836529041,9.4298199828534,9.60148532542528e-07,3.98208970338691e-06
gene-LOC124188785,0.502113082770033,9.70065519095124,9.72679840093949e-07,4.01294091096352e-06
gene-LOC124188697,1.61998551431516,5.57274060257013,9.98898465597531e-07,4.09964578588987e-06
gene-LOC124189654,1.97261904502024,4.9435962049869,1.05162673157128e-06,4.29368841698533e-06
gene-LOC124188290,0.758110023409677,8.25529672270999,1.08672678610528e-06,4.41412735799465e-06
gene-LOC124188429,0.577063960687624,9.32441647068019,1.17405010889281e-06,4.74436659388479e-06
gene-LOC124188679,1.36210313428836,8.60102857260804,1.28277765456872e-06,5.15728975408242e-06
gene-LOC124188287,3.13868807645514,4.28303365408686,1.39845552097598e-06,5.56795803598473e-06
gene-LOC124188764,0.84101506472063,7.35070330837334,1.4048910847322e-06,5.56795803598473e-06
gene-LOC124189017,-0.664460817647108,8.3686805023327,1.40612138218396e-06,5.56795803598473e-06
gene-LOC124188887,-5.82186152124907,3.4770441165461,1.42178117640198e-06,5.60181783502381e-06
gene-LOC124189720,-0.805272445520622,8.35882824684142,1.58316311450497e-06,6.20662952353191e-06
gene-LOC124188285,-0.504345092689876,9.32898979647829,1.74688747107057e-06,6.81459072873075e-06
gene-LOC124188852,0.700787517085727,9.90636272877534,1.79555307772457e-06,6.96993017363036e-06
gene-LOC124188729,0.42698484336974,9.00269391403955,1.93728201051222e-06,7.48322658962565e-06
gene-LOC124189768,0.452564599431775,10.6271565097274,2.17489878225131e-06,8.36009873372698e-06
gene-LOC124188521,0.954336602848715,8.16891643927886,2.38708881326164e-06,9.13119410121444e-06
gene-LOC124188690,0.586050430459027,9.48915846933394,2.42623239540831e-06,9.23609240377658e-06
gene-LOC124188931,2.17846133333177,4.53114335075866,2.98084876939554e-06,1.12928309148254e-05
gene-LOC124189753,0.649236296873544,14.569359785739,3.09475928590235e-06,1.16682790301007e-05
gene-LOC124189659,0.834857848003542,7.99849232311293,3.27044045623914e-06,1.22719384738878e-05
gene-LOC124189020,0.819876212234808,6.53681428524112,3.29455618555625e-06,1.23038401621721e-05
gene-LOC124188877,0.776632146666542,6.92387157572858,3.36301178947057e-06,1.25002513684095e-05
gene-LOC124189691,-0.523867381722114,9.58551242144472,3.39453530877598e-06,1.25581869639224e-05
gene-LOC124189032,1.04628530559541,6.12222572929221,3.70638262642623e-06,1.36478014468405e-05
gene-LOC124189777,0.588324444199632,8.91202932764674,3.96230470334616e-06,1.45223074708687e-05
gene-LOC124188666,1.257082533194,5.26204748812391,4.32512810611904e-06,1.57787080908417e-05
gene-LOC124188548,-0.744464669328526,9.54757640431085,4.66025250752776e-06,1.69229445895478e-05
gene-LOC124188665,-0.831779350311187,8.8695161871407,4.72579915629972e-06,1.70822464915788e-05
gene-LOC124188471,1.64902340493153,5.0149939975755,5.45348396779337e-06,1.96225815827451e-05
gene-LOC124188732,-0.831276198493651,9.10752944869779,5.68206008040733e-06,2.03521061061863e-05
gene-LOC124188953,3.43254457973477,2.6795247949791,5.73546361517251e-06,2.04504313518368e-05
gene-LOC124188397,-0.352945331694074,10.4121429237967,6.33800150875801e-06,2.24970504004564e-05
gene-LOC124189800,-0.604594924597774,8.11058883820382,6.50374377742537e-06,2.29818389982565e-05
gene-LOC124188811,1.77596643999346,9.95425276729428,6.68310095280476e-06,2.34402565094186e-05
gene-LOC124188494,-0.699997336790609,7.40857152648981,6.69296664291774e-06,2.34402565094186e-05
gene-LOC124188616,0.885875092097604,7.18266600686353,7.20821466633886e-06,2.51330670667036e-05
gene-LOC124189684,-0.746784053419246,7.65802516042181,8.04171247100017e-06,2.79157243486702e-05
gene-LOC124189718,0.592334922311788,12.4413354846783,8.9959789625589e-06,3.10331326051507e-05
gene-LOC124188454,0.896606151647155,6.68897182625786,9.01851188652222e-06,3.10331326051507e-05
gene-LOC124189809,-5.87962709028264,3.12504620707344,1.07018954162655e-05,3.6665624295727e-05
gene-LOC124188274,-0.714042503223097,8.90859808885285,1.16308032560589e-05,3.96756405444778e-05
gene-LOC124189667,-3.51612098559503,8.62022111209247,1.20546574815414e-05,4.09442676528216e-05
gene-LOC124188358,-0.639709841275011,7.52629199022442,1.43280114578834e-05,4.83585864428473e-05
gene-LOC124188703,0.910530188563652,7.31750589714063,1.43602908980029e-05,4.83585864428473e-05
gene-LOC124188873,-0.606429741278848,7.84758330342696,1.46015980040818e-05,4.89619541583678e-05
gene-LOC124188754,-1.10734209384444,9.04073614138514,1.5025395071876e-05,5.0169539477281e-05
gene-LOC124189694,-0.424080273203894,10.8103605139229,1.53865678161532e-05,5.11587149330325e-05
gene-LOC124188553,7.62832155073918,4.09225123775792,1.55432071000637e-05,5.14623831716394e-05
gene-LOC124188915,-0.643829898656963,9.73166150772913,1.56369887886243e-05,5.15562642905269e-05
gene-LOC124188549,0.668917852721674,7.66024681894512,1.59522649520336e-05,5.2376603259177e-05
gene-LOC124188668,-0.544233388136843,8.82571400619553,1.65338873389074e-05,5.40610092243114e-05
gene-LOC124188310,-2.02242378118409,4.2784679202578,2.13177970504557e-05,6.94149755196656e-05
gene-LOC124189726,-0.502419851054973,9.70485732532548,2.15954965378497e-05,7.00298406247965e-05
gene-LOC124188523,0.521074123191708,13.1454547093326,3.08652931124146e-05,9.96797171007488e-05
gene-LOC124188749,0.846351214189658,7.01497420280063,3.13245045954671e-05,0.000100749835188686
gene-LOC124189228,-0.528625716153433,11.3605762724782,3.24869926143112e-05,0.000104064025122265
gene-LOC124188778,0.565626119677484,15.2970113313996,3.48917081122339e-05,0.000111314437216358
gene-LOC124188856,-0.501881073230011,8.76325628848236,3.84177136483114e-05,0.000122069186914796
gene-LOC124188661,1.64739574696115,9.56027166500864,3.94358697146042e-05,0.000124801065602844
gene-LOC124188855,-1.13358552575644,6.76807586485158,3.97289016746777e-05,0.000125225498078584
gene-LOC124188765,-0.485128212744247,8.62551427425164,4.37212148599431e-05,0.00013726022832524
gene-LOC124188613,0.886919331321933,6.97608957919519,4.47950457737144e-05,0.000140073397101932
gene-LOC124188314,0.417172294220272,12.2128622481244,5.02260232083637e-05,0.000156435202720121
gene-LOC124189734,1.54463879185753,5.74163476481616,5.20877104591991e-05,0.000161594944259247
gene-LOC124188532,-0.588697937516838,8.52045718752938,5.28888057351514e-05,0.000163436780075684
gene-LOC124189697,1.25445548614112,4.94269903105892,5.40381656704999e-05,0.000166336228704507
gene-LOC124188378,-0.393812854631218,12.6030507519599,5.60097498792471e-05,0.00017173417472703
gene-LOC124188538,-0.41927007072649,10.6707072321479,6.13070567512547e-05,0.000187247909767398
gene-LOC124188854,-0.768782943385276,7.91830521297567,6.27747671357846e-05,0.000190990411208487
gene-LOC124188808,-0.742790322134768,8.67030484438201,6.6056798719999e-05,0.000200202913043689
gene-LOC124188844,1.10455726591162,5.99582758925661,6.8207157622267e-05,0.000205928123395963
gene-LOC124188797,1.59947215617904,4.47728851681853,6.968825182247e-05,0.000209596726855368
gene-LOC124188812,0.647598633478063,7.75864395635445,7.21819330568997e-05,0.000215757557469908
gene-LOC124188554,-0.574602428524985,9.68877562569448,7.2284257832558e-05,0.000215757557469908
gene-LOC124188676,-0.427128398970162,8.65662827022132,7.45522917430995e-05,0.000221620464827921
gene-LOC124188913,-0.747235399717671,7.09662669341493,7.48109690916585e-05,0.000221620464827921
gene-LOC124189722,8.45027450064248,4.90653467323367,7.81995048466158e-05,0.000230791048011735
gene-LOC124188628,3.78379394261483,4.66100642320278,7.86511377464293e-05,0.000231257822926068
gene-LOC124188325,-0.406661512444992,9.22426285170433,8.62495625959973e-05,0.000252656711247754
gene-LOC124188728,1.17945597823408,9.3506831834174,9.23834317218919e-05,0.000269622756284633
gene-LOC124189418,-0.564117637764206,7.54684552229202,9.47593514770202e-05,0.00027553641684093
gene-LOC124188588,1.69798282176123,8.01866455802462,0.000103467314125256,0.000299750895333462
gene-LOC124188525,-0.655884115749257,10.9492921284848,0.000107035771825715,0.000308953070324774
gene-LOC124189755,0.464567835978663,9.64947699065575,0.000108561455576165,0.000312213237204444
gene-LOC124188946,-0.651555088913902,6.65594254925687,0.000110957098293488,0.000317942521655523
gene-LOC124189788,-0.791061013509338,7.84445752976767,0.000120061295755485,0.000342783699475805
gene-LOC124189681,-0.937973802136938,6.87170631786706,0.000121307690928367,0.000345091914987555
gene-LOC124188458,0.538680140991026,7.40068188787357,0.000123728587462467,0.000350712686764115
gene-LOC124188912,1.80832395504353,7.11122576580035,0.000126845669004772,0.00035825945224287
gene-LOC124188867,1.10361468959585,5.11319863581946,0.00013313201180477,0.000374671518936282
gene-LOC124189105,0.444987372214161,12.6799949106243,0.00013412325972481,0.000375623288649916
gene-LOC124188361,1.25150851172468,10.0461294165522,0.000134423562689437,0.000375623288649916
gene-LOC124188868,-0.937107767855626,8.18977923387844,0.000142030490223572,0.000395477124721464
gene-LOC124189006,0.350346769136443,14.9332175010781,0.000155246877556874,0.000430755420826821
gene-LOC124188605,-0.753925175413112,9.25491683250806,0.00016275113835643,0.000449992621139885
gene-LOC124188900,-0.34989873574281,12.7860726220745,0.000166815506398373,0.000459617549097614
gene-LOC124189741,-0.562642889187022,9.72244145429357,0.000182659174026882,0.000501517174680079
gene-LOC124188317,0.732466189870351,9.714150321257,0.00018456747822279,0.000504997127915135
gene-LOC124188410,-0.533855019939175,9.22440861228408,0.000190220448705972,0.000517403256877807
gene-LOC124188865,-0.480902435365729,8.50610519604468,0.000190414904180919,0.000517403256877807
gene-LOC124188916,-0.359229470210983,13.1900931247188,0.000208906635412529,0.000565335351046263
gene-LOC124189747,0.926102572622682,5.74604271354271,0.000209489749372473,0.000565335351046263
gene-LOC124188809,0.854562682737209,6.55743216749858,0.000211265224552983,0.000568180876954781
gene-LOC124189028,1.06230610933723,4.60424242555032,0.000223963922419589,0.000600284254648421
gene-LOC124189771,-0.353100179001039,9.97016505336728,0.00022600367368066,0.000603697948679187
gene-LOC124188277,0.47093275410605,7.64511015736681,0.00026470557737853,0.000704689172210412
gene-LOC124189492,-0.340568601515745,12.0255864575922,0.000271809778595415,0.000719186948773487
gene-LOC124189002,0.494127502678412,7.15624056207424,0.000271976790272207,0.000719186948773487
gene-LOC124188407,0.421282149570705,9.24969926728286,0.000273868714276167,0.000719790737075493
gene-LOC124188495,-0.37788596423377,10.5033454268455,0.000275240169603888,0.000719790737075493
gene-LOC124189334,-0.584405745957485,6.7867835616788,0.000275724393940168,0.000719790737075493
gene-LOC124188650,0.9307785037174,7.27084255598233,0.000275858886544161,0.000719790737075493
gene-LOC124188664,-0.365335502606845,8.71991570105712,0.000297270850551394,0.000770115892635644
gene-LOC124189760,-2.33612925295795,11.0959517649853,0.000297469592177757,0.000770115892635644
gene-LOC124188320,-0.441590875462378,10.0831093759325,0.000298077851845014,0.000770115892635644
gene-LOC124188589,1.30667503282101,4.11591418618622,0.000310237016209171,0.000798911009061524
gene-LOC124188974,-0.589021209306962,11.0313695825914,0.000356700255818829,0.00091556938627113
gene-LOC124189434,0.381868814874522,7.95271256831551,0.000388414622578507,0.000993736112311244
gene-LOC124188789,3.87554640866269,2.76005403960795,0.000393878421394207,0.00100445370892762
gene-LOC124188997,0.319206793259089,8.98829200301026,0.000401082342499079,0.0010195254383525
gene-LOC124188279,-0.910899484129901,5.9000078495809,0.000406742290188049,0.00103058818221281
gene-LOC124188892,-0.62564590492464,9.72446692037695,0.000448836617298981,0.00113360017446025
gene-LOC124188324,-0.523007036211283,8.81166816322812,0.00045370835614949,0.00114224340142428
gene-LOC124188386,5.15483418574184,4.98300113540867,0.000477577538915429,0.00119850669001706
gene-LOC124189036,5.11122076302358,3.88285296906951,0.000495170681852965,0.0012387126898417
gene-LOC124188596,0.4515497754409,9.1224813813207,0.000515339000790967,0.00128508586273191
gene-LOC124188481,-0.753030719373826,10.2190174193954,0.000614681406018258,0.00152797775376147
gene-LOC124188480,1.07076549086342,4.90187088376479,0.000632829941200152,0.00156814463416893
gene-LOC124189668,0.996888583320846,9.62232909171745,0.000655877411424168,0.00162016112916064
gene-LOC124188660,-0.905125896905526,10.8884992390354,0.000667414998890362,0.00164350943476752
gene-LOC124188567,1.21129097906799,5.36166233663983,0.000674776845860857,0.00165646154061793
gene-LOC124188782,0.525049620187248,7.0260606240818,0.000709586474657679,0.0017365035466778
gene-LOC124188467,5.22866278860576,4.87595176221228,0.000721449858080761,0.00176006962281003
gene-LOC124188413,-0.475375436600257,8.78101457093097,0.000726136280015882,0.00176603515016208
gene-LOC124188513,0.865123129790417,8.23551072659314,0.000742056544430092,0.00179920171387973
gene-LOC124188425,1.82697137096397,8.18853493483832,0.000787052433828892,0.00190244576029806
gene-LOC124188422,0.762296893232007,8.26651563985238,0.000801879275587564,0.00193235739805199
gene-LOC124188649,-0.493118040570326,14.4627449768687,0.000807399215977209,0.00193972738472573
gene-LOC124188781,-0.573077350903045,8.22242267926984,0.00086792041255588,0.00207878810058977
gene-LOC124189029,1.44690450507609,3.41591640726339,0.000905643942032399,0.00215890866509318
gene-LOC124189769,0.539836036753768,6.78340111658632,0.000906851228611477,0.00215890866509318
gene-LOC124188663,-0.439727982953796,9.78556612642213,0.00092273925941952,0.00219011607356199
gene-LOC124188681,1.38593640129201,5.31559212382184,0.000942669508378994,0.00223070141922717
gene-LOC124188706,-0.369052891609964,9.62141982969933,0.000953142978792614,0.00224873253679216
gene-LOC124188775,-0.371090941306423,8.61070363976755,0.000960294571963333,0.00225884215733465
gene-LOC124188273,-5.15958278456967,4.25955401110973,0.000964703082264639,0.00226245841912064
gene-LOC124188416,-0.278504564569188,10.2221248041981,0.000991555687878723,0.00231853377462443
gene-LOC124188427,-1.21997007354062,7.87349753251328,0.00101714180264383,0.00237132467598621
gene-LOC124188406,-0.414911435578155,11.4502015623894,0.00114150367073706,0.00265340676265725
gene-LOC124188531,0.763128056018947,6.2309739011788,0.00129511661541791,0.00300162321455681
gene-LOC124188921,-1.84857526269499,4.38580233760197,0.00139671133851335,0.00322759101099273
gene-LOC124188820,1.29431342696568,6.07538510785337,0.00140759021941505,0.0032432195698803
gene-LOC124189737,-0.396175964089897,9.90285430692472,0.00148539037271459,0.00341250033148425
gene-LOC124188760,-0.551051290503542,9.6307122946554,0.00155254386129234,0.00355640861249524
gene-LOC124189067,0.503286856844916,7.70627860348383,0.00155916756060502,0.00356122909494712
gene-LOC124188771,-0.558072527424964,11.3615082252286,0.00157698389076843,0.00359151244487145
gene-LOC124188367,0.631748175227876,7.19237099353821,0.00169049118183252,0.0038389252198387
gene-LOC124188276,1.19327869780706,4.20918238303315,0.00177350870811096,0.00401587604020527
gene-LOC124188610,-0.716207721049997,10.8495572163387,0.00179912877424076,0.00406221625817113
gene-LOC124189822,1.43337156208389,5.47318288215709,0.00183449166115862,0.00413022693997997
gene-LOC124188280,1.81355994356067,3.38812004350707,0.00196198919725664,0.00440469369640523
gene-LOC124188517,0.24526786951366,10.370287212645,0.0020190844904493,0.00451999596157401
gene-LOC124188509,1.76414555707207,2.92399608558956,0.00205472539386568,0.00458675243729788
gene-LOC124189708,-0.979350857750544,10.0146238503303,0.00212684980636774,0.0047343436367734
gene-LOC124189042,1.11619725289687,4.98824656360897,0.00219362261870909,0.00486922429166975
gene-LOC124189023,0.675524614915158,8.5674129335486,0.00223522292952178,0.00494762828219989
gene-LOC124188263,1.84558302745944,3.26993318847951,0.00226414215900393,0.00499760230054649
gene-LOC124188499,0.774957569894175,5.45160248074074,0.00228449408860058,0.00502843950228283
gene-LOC124188804,0.431715422434925,9.98148089608711,0.00235318446220534,0.00516520712038386
gene-LOC124189040,-0.342950268566779,8.22546937500582,0.00236953941997904,0.00518665850817633
gene-LOC124189658,-0.397258970071489,11.2704068109973,0.00240497390966629,0.00523771333299891
gene-LOC124188730,-0.343045887331408,10.9153383231747,0.00240615764790052,0.00523771333299891
gene-LOC124189046,0.785926341514645,10.1448904984006,0.00245071141308891,0.00532000163502497
gene-LOC124188372,0.719512481174496,7.26973955022008,0.0025098475186845,0.00543340616682249
gene-LOC124188594,-0.94254906019474,10.7813884354339,0.00253326354375387,0.00546907307528233
gene-LOC124189781,-0.283783024026251,9.39607999318083,0.00258222131404596,0.00555953659963994
gene-LOC124188485,0.785590801727986,5.7213364611214,0.00268662217061114,0.00576855114561739
gene-LOC124189052,-0.926314271711508,6.22286483399477,0.00283272497148985,0.00606572629764675
gene-LOC124189682,-1.44802286609429,4.60011908191323,0.00284553856029551,0.00607665145125436
gene-LOC124189687,0.374085595027551,8.28370677623134,0.00304136572521161,0.00647728700396418
gene-LOC124188737,0.759801808176762,7.96097705462228,0.00319064121872041,0.00677688754811774
gene-LOC124188680,-0.406156451671968,8.6942674179575,0.00322505682611898,0.00683157198651009
gene-LOC124188498,-0.246196447695239,10.484074172514,0.00345430038616539,0.0072975568479848
gene-LOC124189026,0.411150195684838,13.1024481194332,0.00375113456189337,0.00790345998602133
gene-LOC124189001,-0.379979411299924,10.8971795235927,0.00379091083380519,0.0079659672987693
gene-LOC124188941,-0.941317860361336,5.4466751629735,0.00395296935495049,0.00828441449920475
gene-LOC124188960,-0.293722786510406,9.03031962126445,0.00422702353392568,0.00883526404438577
gene-LOC124189003,-0.457756571082162,7.01834123525907,0.00426484648397389,0.00889073817294027
gene-LOC124188747,-0.315036021159524,8.09321600020008,0.00430558828263062,0.00894369788465189
gene-LOC124189206,-0.41758246573023,8.45170409716704,0.00431295075655802,0.00894369788465189
gene-LOC124188677,0.536835033487134,8.31126997648323,0.00463178224054202,0.00957964410904754
gene-LOC124188816,0.457973639275993,7.53908747275937,0.00505503024306134,0.0104276540092469
gene-LOC124188711,0.744377705650408,7.86166101483013,0.00512836082392566,0.0105513011207661
gene-LOC124188377,-0.592172795813689,9.98968809648627,0.00528256846764922,0.0108402707096552
gene-LOC124188657,-1.09652009697276,10.7540967391374,0.00548137456920789,0.0112190211961969
gene-LOC124188862,-0.321177883906981,10.173998691895,0.00560599390201745,0.0114443606082636
gene-LOC124188505,2.27331022425486,2.88675022906885,0.00568829559095042,0.011582369316974
gene-LOC124188870,0.929818382445856,7.10822422182336,0.00575622632933954,0.0116904802771123
gene-LOC124188511,0.943549572739265,4.74821067522919,0.00588296071579427,0.0119171543548737
gene-LOC124188871,0.882714065800072,4.67807086439269,0.00602609684898018,0.0121758059410164
gene-LOC124188843,0.388755479661065,8.00872136989924,0.00616042268126521,0.0124037357517682
gene-LOC124188398,0.358025121125364,12.0799152573085,0.00617038631306238,0.0124037357517682
gene-LOC124188756,-0.867068525458346,5.07101222738561,0.00632309684599046,0.0126783723018842
gene-LOC124189690,-0.471155668358528,8.05197927969306,0.00640878225148375,0.0128175645029675
gene-LOC124188316,1.6715940540927,3.74332108385226,0.00672423615333042,0.0134144255413275
gene-LOC124188400,-0.313135930171492,11.4835871290354,0.00677297901041238,0.0134775440914267
gene-LOC124189661,-0.38178710108732,7.7953655714626,0.00701275667429245,0.0139195271016183
gene-LOC124188626,-0.592505573053895,10.4704861067848,0.00704151128532675,0.0139414846553705
gene-LOC124189725,1.30392754777619,5.08135268643168,0.0073006483477337,0.0144183230526671
gene-LOC124189265,-0.232370657732195,11.7981808788852,0.00740756811802454,0.0145929091925083
gene-LOC124188738,-0.295694034534507,9.37125255026366,0.00761270817659984,0.014959636017857
gene-LOC124189041,0.819432392907916,6.20429296398697,0.0078007738668067,0.0152910691717504
gene-LOC124188575,-0.407182801196363,7.85896483963164,0.00809529959352693,0.015829022530271
gene-LOC124188311,-0.301951289075064,8.57887676170005,0.00826085853010828,0.016112763667637
gene-LOC124188337,0.694623657632461,9.92650809963886,0.00843920438053475,0.0164199828441022
gene-LOC124188734,-2.11975248192773,3.99532045868288,0.00867775772044243,0.0168425445411543
gene-LOC124188845,0.425079289947909,13.2614987959094,0.00878401674259238,0.0170068923664934
gene-LOC124188444,-0.221415291595586,10.8666193814469,0.00887630463519383,0.0171434511091489
gene-LOC124188780,-0.384484204547671,8.74609592615137,0.00891049003960833,0.0171673989027173
gene-LOC124188603,0.667038692093807,8.75603527642198,0.00924064313714015,0.0177600653465035
gene-LOC124188266,-0.665119930352546,5.66145164151505,0.00972578123558524,0.0186469966268642
gene-LOC124188272,-0.42947599316858,10.2219296020324,0.0100790636080223,0.0192774323376737
gene-LOC124189650,-2.13052494093158,3.53032114072007,0.0101349932005135,0.0193374688668393
gene-LOC124188817,-0.30258874935188,8.23546950230249,0.010171388799543,0.019360034719903
gene-LOC124188354,-0.294717808192411,9.62755135965975,0.0113853238626623,0.0216183980813924
gene-LOC124188483,-0.250545502446921,11.3317923454868,0.0116864912180206,0.0221369112495198
gene-LOC124188999,-0.383107727668924,9.98520973653723,0.0117344696050643,0.0221512440462053
gene-LOC124188600,0.46039347293904,9.93175543202445,0.0117502792021749,0.0221512440462053
gene-LOC124189045,0.902021005543854,4.98846161672748,0.0120488858429545,0.0226599571461769
gene-LOC124188954,-0.602369803269262,10.6577253981644,0.012401899556156,0.0232683258339307
gene-LOC124188355,-0.335275456547549,9.47579703683784,0.0127501947019143,0.0238649725061959
gene-LOC124188993,-1.24969478106949,5.2845819493593,0.012875925634662,0.0240431976306012
gene-LOC124188512,-0.495749507393808,7.20654211434405,0.0129516062700834,0.0241273421768929
gene-LOC124189450,-0.454301831212954,7.50734193426896,0.0139574044037772,0.0259111216149033
gene-LOC124188674,0.400147715750416,10.1522055771893,0.0139749069623526,0.0259111216149033
gene-LOC124188929,0.490134221630161,6.99804799186457,0.014519185530349,0.0268570849716314
gene-LOC124188828,-0.215470941574834,10.4009418755757,0.0153158613322808,0.0282643998356844
gene-LOC124188552,0.376602478445424,8.40915648290202,0.0155610588306035,0.0286497999030738
gene-LOC124188996,0.45388686917716,9.46128175451223,0.0156684455773711,0.0287802683332597
gene-LOC124188470,-0.194486086411054,10.037758930623,0.0158778500876318,0.0290970834164044
gene-LOC124188462,0.242651514925458,8.40890406647944,0.0180789547159155,0.033053866162741
gene-LOC124189798,-0.822736675549894,10.2529114219385,0.0188809721343984,0.0344402917636712
gene-LOC124189466,-0.204367181030633,10.6948169373923,0.0192154987466412,0.0349695450631714
gene-LOC124188878,-0.351781243503587,8.14718220624387,0.0204144471899156,0.0370658626397546
gene-LOC124189823,-0.544185188836836,5.95122099561806,0.0205256206847356,0.0371459920354108
gene-LOC124188630,0.429294706559454,7.93654719903199,0.0205528585373592,0.0371459920354108
gene-LOC124188477,1.3326795617315,7.1629200566156,0.020779769097096,0.037470155717418
gene-LOC124188450,-0.419710815484846,7.69049751487148,0.0216424060788415,0.0389365661875049
gene-LOC124188700,0.528572474896942,6.46451663751778,0.0223787453396435,0.0401695930014558
gene-LOC124188857,-0.267032640329749,8.74253172187685,0.0236644738828329,0.0423809214083462
gene-LOC124188654,0.649047651066681,5.86695928560577,0.0243218074079088,0.0434593746880547
gene-LOC124188551,0.752173712725304,10.6107282059721,0.0261807548613414,0.0466751919247444
gene-LOC124188672,0.244089662033513,7.61884107837429,0.0271897692368991,0.0483646459563803
gene-LOC124188763,-0.652462029453354,5.25630454643955,0.0275936792485194,0.0489725658734983
gene-LOC124188619,-0.178661753114053,9.51437744441205,0.0277811382827765,0.0491944650939953
gene-LOC124188373,0.288483952186993,10.7198731981642,0.0279264212188154,0.0492311989792062
gene-LOC124188446,-0.434018835996509,7.03084957174512,0.0279268349539405,0.0492311989792062
gene-LOC124188622,0.187832421037509,10.0450239704369,0.0279932368523732,0.0492381041064065
gene-LOC124189744,-0.419381086551892,8.87183668149131,0.0283300837292474,0.0497196124246034
gene-LOC124189022,-1.44436792665018,4.00286668950011,0.0288396647154463,0.0505014573239371
gene-LOC124189672,0.552553652697923,5.56739630272284,0.0292434672064614,0.0510950158729304
gene-LOC124189655,0.33798947435112,9.6549577025146,0.0296945059717784,0.0517682980215959
gene-LOC124188349,0.610115020169903,10.0915191829809,0.0302922590661874,0.052693819302772
gene-LOC124188437,0.465985168060071,7.56597570159202,0.0320108118371126,0.0555606161401867
gene-LOC124189037,-0.286653006651317,8.37352284787264,0.0327757479971106,0.0567632734543366
gene-LOC124188583,-0.285536725476553,7.77943326956491,0.0342391984921481,0.0590725193450212
gene-LOC124188308,-0.208466200392307,10.0111355423611,0.0342652917868177,0.0590725193450212
gene-LOC124188466,-0.252766769808252,13.8940228686975,0.0344035431518035,0.0590725193450212
gene-LOC124188336,-0.446932292000798,6.70156750985281,0.0344089928672141,0.0590725193450212
gene-LOC124188326,-0.273994791905149,7.3588340444976,0.034693359693302,0.0594312335615695
gene-LOC124188360,-0.242901651439857,11.0078838149181,0.035920691411348,0.0614002274016101
gene-LOC124188774,0.602067755982519,6.42835812471814,0.0371645889543147,0.0633889525887445
gene-LOC124188839,-0.911144358094951,6.2394600045059,0.0375676387126525,0.0639380114591148
gene-LOC124188842,0.321029783983743,6.95929383330904,0.0384082076680291,0.065227731987946
gene-LOC124188637,-1.27012734916382,5.74725493235069,0.0393698628459092,0.0667171009087666
gene-LOC124188459,-2.28197167052001,3.65506506163596,0.0404079671980664,0.0683293522576746
gene-LOC124188695,2.06571962332568,2.98871857334692,0.0413879206417561,0.069836577014355
gene-LOC124188418,-0.231327983470128,9.37470323141377,0.0426119355609068,0.0717483017563986
gene-LOC124189712,0.356856034003186,9.32974167109649,0.0466043249340736,0.0783032154542644
gene-LOC124188331,-0.334311691799715,7.85631699655379,0.0468514267134432,0.0784851838182862
gene-LOC124188328,-0.285795677767616,8.70538246832135,0.0469118294142294,0.0784851838182862
gene-LOC124188571,0.270841850449033,7.84662637765311,0.0472348967170648,0.0788582597734048
gene-LOC124189764,-0.302886425137962,9.15988787946442,0.047771800042042,0.0794800350312229
gene-LOC124188618,-0.355347817706297,9.99363961788323,0.0478090566050757,0.0794800350312229
gene-LOC124188533,-0.279254516280961,8.98322119962072,0.0479754666211519,0.079588774099932
gene-LOC124189014,0.256093610129884,9.76294294072629,0.0482410497879502,0.0798612336825731
gene-LOC124189745,2.12311756985439,7.54198060586786,0.0487412145052861,0.0805200776313741
gene-LOC124188914,-0.203277939116202,9.29063674268391,0.0492294855998609,0.0811565578508167
gene-LOC124188745,-0.268941515636063,8.16276288822927,0.0496971269602779,0.0817564426820438
gene-LOC124188604,-0.196145377620548,10.7682714931569,0.0506994204960586,0.0832315486476962
gene-LOC124188420,-0.451536737199066,6.11243532729605,0.0526131442087248,0.0860743355135749
gene-LOC124189656,0.377528054688534,5.93406036913618,0.052649530098405,0.0860743355135749
gene-LOC124189721,-0.226695165868078,12.2323436255506,0.0528790645735066,0.0862706063849342
gene-LOC124188298,-0.298846630142238,8.2216445227442,0.053486310597742,0.0870810180806212
gene-LOC124188652,-0.300002708683081,7.7120546120274,0.0539577886033475,0.0876674998338925
gene-LOC124188576,0.67438233172277,7.91525393144383,0.0543953439987892,0.0881965659898064
gene-LOC124188629,-0.353055734979352,7.91506238215554,0.0568574641459358,0.0919993465030748
gene-LOC124188340,0.219257015856695,9.97234972229034,0.0581246761123888,0.0938570589683655
gene-LOC124189826,-0.539995818785042,9.99967028222018,0.0582807848010818,0.0939166838921318
gene-LOC124188834,0.817127077835807,5.28335908560331,0.059988358287594,0.0964710741441308
gene-LOC124188621,-0.179908393103361,9.40876931499322,0.060477697506126,0.0970599300098315
gene-LOC124188318,0.515793703929815,8.13741206071071,0.0609509066867756,0.0976205578641853
gene-LOC124189012,-0.239665521489253,11.3563546304595,0.0611090651370799,0.097675341436144
gene-LOC124189649,0.21313412147337,9.03419562289784,0.0613872882124937,0.0979214233025203
gene-LOC124188893,-0.238049188978996,10.5871838273854,0.0618827403701894,0.0983296823158338
gene-LOC124188682,-0.221398874417317,9.40623972955083,0.0618927949602203,0.0983296823158338
gene-LOC124188830,-0.209109501377064,8.86485669624232,0.065227478811053,0.103419020730603
gene-LOC124188315,-3.84058967511781,3.55010148561028,0.065583823935943,0.103775207352456
gene-LOC124188639,-0.686757235050959,9.11363682569853,0.068131497959438,0.107590421627329
gene-LOC124188800,0.745826739735281,4.47500768548902,0.069028990391612,0.108789688857181
gene-LOC124188943,-0.172417792756336,9.13517320937398,0.0693130958799725,0.108950235482577
gene-LOC124188574,-0.262744216265252,8.24135001169529,0.0694073835180882,0.108950235482577
gene-LOC124188271,-0.227562519869807,10.169925204419,0.0706887465724069,0.11074101848719
gene-LOC124188582,0.441708576168019,6.77849440848179,0.0734491112666196,0.114837102535905
gene-LOC124189366,0.368733587875174,9.13237651294094,0.0740278158726114,0.115512710708154
gene-LOC124188882,-0.968069683993615,4.44961549476489,0.074510334227222,0.116035856464528
gene-LOC124188463,0.206213049440965,9.26865591846244,0.0751384817051417,0.116783281230082
gene-LOC124188415,-0.452242696411565,7.8645818384225,0.0766766657158232,0.118939394850529
gene-LOC124189222,-0.195429575914816,9.28537921893422,0.0773312261091338,0.119719069104121
gene-LOC124188947,0.27054121039737,8.14451680143528,0.0782152223685956,0.120850186718536
gene-LOC124189025,-0.349563111847682,8.60611547528686,0.0784941074845366,0.12104375087635
gene-LOC124188319,0.159364506006124,9.88510156375087,0.0793564153126561,0.122134482942135
gene-LOC124189807,-0.521111973201534,7.88274774176539,0.080485157500223,0.12363022243699
gene-LOC124188631,0.305136080250422,7.53700555162282,0.0818718772670614,0.125515640635106
gene-LOC124188768,0.454843597681535,7.90789320492544,0.0826878317674427,0.126520410549019
gene-LOC124188550,0.581924933388346,6.190553627722,0.0833114415287077,0.127227550241515
gene-LOC124188300,0.679291270903873,7.9641247374056,0.0844235284581008,0.128676480512541
gene-LOC124188264,0.233145144906314,10.2845920027735,0.0904649671165184,0.137618521405051
gene-LOC124188861,0.43089329037485,12.8159990364612,0.09146433795995,0.138870709657882
gene-LOC124188945,0.158583206705631,10.6239645049619,0.091957806966029,0.139351445940829
gene-LOC124188835,0.336218895380235,7.49248582838239,0.0945511044889914,0.143006277039012
gene-LOC124188825,0.23997906656771,9.3474831598384,0.0951050488171777,0.143568541126314
gene-LOC124188837,-0.252145394465114,7.76313556923407,0.095360545825265,0.143595951243834
gene-LOC124188516,-0.21819942443997,9.10123254633562,0.0954876630098588,0.143595951243834
gene-LOC124188848,0.631468827131847,4.8947652136115,0.0970770222405583,0.145707987667733
gene-LOC124188814,-0.331925194016359,10.3042489782627,0.0972717447760953,0.145722689892705
gene-LOC124188656,-0.425925887038894,6.8420080977194,0.0982967309472146,0.146704384334183
gene-LOC124188911,-0.277499041139976,8.81356249153204,0.0982993844269652,0.146704384334183
gene-LOC124189775,0.357745787202485,11.0268555271219,0.0988850980219616,0.147299541098877
gene-LOC124188342,0.206310128898008,11.5823653499137,0.102075859673931,0.151599791658247
gene-LOC124189050,0.109709744299292,12.9817422173847,0.102156712399149,0.151599791658247
gene-LOC124188840,-0.291243944785737,10.1269597857055,0.104077275433372,0.154159573386273
gene-LOC124188653,-0.190841471911118,8.69312759810821,0.105152556402316,0.155460064624813
gene-LOC124188903,-0.177195590681687,9.05016649329329,0.105429578020284,0.155577729363266
gene-LOC124188699,0.951214096850393,3.2694050186859,0.106363564870938,0.156662596482802
gene-LOC124188390,-0.383809910657879,7.30291886126737,0.110447120649324,0.162093414618239
gene-LOC124189689,-0.267030839539787,10.0090267001597,0.110462136611668,0.162093414618239
gene-LOC124188536,0.260360629402505,10.5598580162183,0.114044221011498,0.16703874750383
gene-LOC124188296,0.215055851517859,7.98371414814641,0.114942140846165,0.167864751591554
gene-LOC124188866,0.217839272197855,7.51794796482888,0.115034220633806,0.167864751591554
gene-LOC124188435,-0.466582301550843,6.29912049640968,0.120808115445537,0.175964500870763
gene-LOC124188448,0.319453538023601,8.72337769980293,0.123483758650484,0.179529892650519
gene-LOC124188394,0.243283098015477,9.27466005566811,0.125989978161869,0.182836285067316
gene-LOC124188918,-0.60348764842898,4.98208945203115,0.12636697084131,0.183046273939251
gene-LOC124188465,3.46143514009932,2.59253548901177,0.129515312128905,0.187262506344179
gene-LOC124188948,-0.16340943842467,9.98113551699737,0.130095545433931,0.18775694102919
gene-LOC124188985,-0.661040218239095,4.29502761355112,0.130553355848551,0.188073207328442
gene-LOC124188829,0.151027134603966,14.4281315435373,0.132637524378392,0.190726951113454
gene-LOC124188356,0.166980324284637,9.52774427221338,0.136369088445981,0.195735595073649
gene-COX2,0.185179900617945,15.1696241241703,0.137210904053032,0.196585804352344
gene-LOC124189774,-0.248828250742474,10.0332896067573,0.13810789161435,0.197511830475695
gene-LOC124189652,0.154145228578144,9.33541081198412,0.138365974864158,0.197522442378544
gene-LOC124189719,0.926960485532781,3.725751842937,0.141677564218719,0.2018841240585
gene-LOC124188646,-0.289403025447172,8.21105540073984,0.142522820181348,0.20272198971643
gene-LOC124189824,-0.178648807969214,7.9412529492928,0.149182423580498,0.211812161768346
gene-LOC124189350,-0.232107668736605,7.35912951298601,0.149640556927537,0.212080501544783
gene-LOC124188305,-0.185612387473001,10.8764842724468,0.152794586392284,0.216161820605242
gene-LOC124188614,-0.175492947831032,8.13367411019592,0.158366035324843,0.22364235812899
gene-LOC124189031,-1.22218604956527,7.95974077450637,0.167260482344127,0.235780429494047
gene-LOC124188715,0.394445940284187,4.84713323720541,0.170758946262471,0.240282231526477
gene-LOC124188841,0.231846167790826,6.62529159183618,0.171989634170087,0.241389226508742
gene-LOC124188514,-0.195843744554305,10.5854081954449,0.172158306215626,0.241389226508742
gene-LOC124188926,-0.588531533295444,4.02374884657937,0.176786075859965,0.247437704756044
gene-LOC124188382,-0.674559452511926,7.89885885711937,0.178109992210435,0.248848712520962
gene-LOC124188899,-0.939198665986523,5.84120700948242,0.180094111307102,0.251175503911498
gene-LOC124189593,-0.197654772889204,8.23795767959574,0.183492099674516,0.255462499193496
gene-LOC124188474,-0.149121953762526,8.30339078405401,0.185615850543201,0.257844149388978
gene-LOC124188472,-0.221328499086509,9.7651374136068,0.185857204128096,0.257844149388978
gene-LOC124188393,-0.500428210351636,4.55770447435788,0.186599478017708,0.25841896076969
gene-LOC124189724,0.169891392046827,7.5211124726495,0.189883543206714,0.262505670257703
gene-LOC124188586,0.946023021629327,11.8367591863254,0.190900257810269,0.263449042302087
gene-LOC124188541,0.4516563084563,9.63960229235402,0.193836806678797,0.267033922487574
gene-LOC124188547,0.189398008081825,9.35542704202053,0.1961166307056,0.269240622325176
gene-LOC124188560,0.132026408781822,8.93608923551663,0.196121976160725,0.269240622325176
gene-LOC124188306,-0.159329859840658,8.65373466775643,0.198144151014811,0.271543636521167
gene-LOC124188838,0.746900081691842,4.82305093993166,0.200499296976548,0.27429417711375
gene-LOC124188534,0.142747060071029,8.96703806958097,0.204217922856003,0.278897267262618
gene-LOC124188645,-0.130110664944001,11.3516949892959,0.206066979009063,0.280935604600591
gene-LOC124188689,0.313847875222062,6.66481709270017,0.216993840169873,0.295321495775233
gene-LOC124188484,-0.155002831037109,8.80634993735292,0.217660282667508,0.29571776334827
gene-LOC124188644,-0.136337065763696,9.18301338811412,0.222910039968121,0.302328935447297
gene-LOC124189679,2.15140578261855,3.41966259844906,0.224320402647045,0.303719033137236
gene-LOC124189732,-0.212634694798115,7.0656727159656,0.227742261687014,0.307823159878846
gene-LOC124189754,-0.745725041998808,8.62417533463456,0.228568738476165,0.308411243012359
gene-LOC124188489,-0.138833142818487,9.38096551055538,0.22972322497114,0.309439147482492
gene-LOC124188323,0.276359102011653,7.58070591786799,0.232097893048622,0.312104333997123
gene-LOC124188978,-0.198303350529186,10.0899647700882,0.240148816998681,0.322380353994822
gene-LOC124188987,0.149153498837669,8.77354943907875,0.24262411755724,0.325149327610723
gene-LOC124189033,-0.123751615898481,11.3967830070692,0.243666715148407,0.325992141828429
gene-LOC124188335,-0.173720280668377,8.49784611148771,0.245133108516228,0.327398117814894
gene-LOC124189758,0.494576889467851,5.87996963060446,0.247670319483335,0.330227092644447
gene-LOC124188727,-0.15279102837215,9.73880255345171,0.250050066921127,0.332836913401771
gene-LOC124189780,-2.94198538970402,3.49199777105166,0.252657295900216,0.335659247650682
gene-LOC124188510,3.45613391160477,6.22868662875154,0.253022326274752,0.335659247650682
gene-LOC124189772,-2.94275827659064,2.76489561498748,0.254259994223172,0.336734244450184
gene-LOC124188566,0.194875101907982,8.88825605970878,0.25545538269522,0.337749734167505
gene-LOC124188753,-0.304171237049285,6.68337580004641,0.261281393306192,0.344873932873165
gene-LOC124188973,-0.40957766211289,4.32269071642922,0.266723743327142,0.351468745387606
gene-LOC124188303,0.733578355202785,3.57183686076927,0.269575158829879,0.354633097091728
gene-LOC124189757,2.18514280105095,8.86492190721096,0.270751924567318,0.355587527598411
gene-LOC124189653,0.152417932869119,9.80471628050543,0.280377941721401,0.367617001791121
gene-LOC124188930,0.324138313368448,6.00937346205169,0.280929567514067,0.367728403988513
gene-LOC124188424,-0.135250346151458,9.63595819954508,0.281467504128513,0.367821547683696
gene-LOC124188648,-0.121155587393125,8.78906491794363,0.285421750980697,0.372371423464883
gene-LOC124188970,-0.380527521332198,4.57520090000244,0.287639472143177,0.374644469502187
gene-LOC124188518,0.109504884225106,9.38466547624239,0.289843145995657,0.376891747598313
gene-LOC124188777,0.0971132602631816,12.3870646413709,0.296052293533651,0.384331478261148
gene-LOC124188284,-0.134478471907673,8.25894561098722,0.297414729632642,0.385465143010727
gene-LOC124188904,0.22965566334395,6.77881648473723,0.302157382247397,0.390968829574628
gene-LOC124188822,-0.210623411489937,7.36855330421098,0.30913184390597,0.399337529504761
gene-LOC124188292,0.117718769669245,8.12936701045537,0.315782515346423,0.407261247288022
gene-LOC124188309,0.123464879605619,11.2822261276244,0.327184984534058,0.42127739838699
gene-LOC124188875,-0.115336430241723,10.602787333635,0.332840937692414,0.427860781242451
gene-LOC124189816,0.410939672746954,4.42905322583664,0.339416447485416,0.435602867456853
gene-LOC124188962,-0.135743517257037,8.87504301980393,0.341012191576339,0.436550528565927
gene-LOC124188275,0.148798736380728,7.87577601918206,0.341262849741892,0.436550528565927
gene-LOC124188710,0.284793884023487,6.8515475274373,0.344578055060151,0.440076997386384
gene-LOC124188894,0.352322008441456,6.59575655727263,0.346893951513863,0.442317854033857
gene-LOC124189709,-0.497972246780503,6.98230579149775,0.349435462780763,0.444838682829146
gene-LOC124188952,0.181796052282699,7.06999733686074,0.351100541167626,0.446237462000144
gene-LOC124188923,0.0904979183057181,10.8420554173911,0.353215405662507,0.448202479326981
gene-LOC124189779,-0.642946577787201,3.58602665378712,0.35525065723259,0.449654484106347
gene-LOC124188620,-0.0875619300983969,8.93298669237856,0.355500943652607,0.449654484106347
gene-LOC124189027,0.0867386151684199,10.5871614089702,0.35769922483049,0.45170991853594
gene-LOC124189651,0.297191241354674,10.925955596411,0.360105705806111,0.454021273880344
gene-LOC124188704,-0.0994470772362204,9.19545123658112,0.367782037176603,0.462875403979605
gene-LOC124189736,-0.115881484065322,8.60061367321333,0.368303145044685,0.462875403979605
gene-LOC124188896,-0.170233827702653,10.8609274566633,0.369228033058318,0.463298869506297
gene-LOC124188876,0.117432934432713,7.85471846406197,0.373161500558066,0.466911797904636
gene-LOC124188423,0.168493133334555,11.1629525261292,0.373292427258783,0.466911797904636
gene-LOC124188726,-0.362487352681258,4.46860290985735,0.374604383022956,0.467810227927242
gene-LOC124189752,0.104960680896184,8.81839363216983,0.3778691860933,0.471140694053039
gene-LOC124189662,0.0969406987537006,8.28941628032867,0.378728928837877,0.471466660227879
gene-LOC124189735,0.485249266985128,4.61530383862719,0.380797080011832,0.473293531623538
gene-LOC124188772,0.153257090464415,9.62053340008252,0.38141283309093,0.473312303111264
gene-LOC124188675,0.172209389921793,8.77193105647791,0.382436203862495,0.473733504777798
gene-LOC124188608,-0.121291438505998,9.35842964674339,0.383329812847895,0.473733504777798
gene-LOC124188428,-0.0926599522613654,10.0443839274586,0.383555807167811,0.473733504777798
gene-LOC124188487,0.147555006921129,11.7054952740707,0.395179936717185,0.487326745122287
gene-LOC124188910,0.316932013073854,8.88606386973458,0.411978905656517,0.507249027589586
gene-LOC124188925,0.0995979231083386,10.2569847608087,0.413189439411009,0.507945831912442
gene-LOC124189808,-0.0860592371812526,8.64236577158373,0.422151735903584,0.518155090174492
gene-LOC124188895,0.140962555854623,6.60594442775981,0.422878975325139,0.518240486090528
gene-LOC124188563,0.253700858724511,6.43290332639254,0.433402216017004,0.530312028294098
gene-LOC124188909,0.241181752246337,7.26566505934972,0.437044759258007,0.533939953946216
gene-LOC124188671,-0.316762762467845,7.37283188267005,0.43880644204967,0.535262347268019
gene-LOC124188879,-0.143051727167462,7.24030332213178,0.444662129184685,0.540954384569673
gene-LOC124188451,-0.246588460310068,5.62616956994033,0.444845737564909,0.540954384569673
gene-LOC124188307,-0.279785328180293,5.10079726114047,0.45131110511779,0.547970956599104
gene-LOC124188872,0.230056815245043,5.57343673555682,0.454044898973544,0.550442123678697
gene-LOC124188473,0.205311255043905,8.91418811910624,0.472149213331353,0.571510875737491
gene-LOC124189778,-0.334185879350481,12.4241247047821,0.483423619281427,0.584260447843196
gene-LOC124188379,-0.0834203793990042,9.78079359142059,0.485372090589131,0.585717009776776
gene-LOC124188897,0.162732060858459,5.67620168134896,0.490493446097689,0.590992103249204
gene-LOC124188573,0.0683593534085918,11.413172493156,0.492620350474849,0.592188164305302
gene-LOC124188743,0.0669925936112357,11.617982151225,0.492989131705937,0.592188164305302
gene-LOC124188570,-0.0846007461951978,8.7423798423431,0.496045327580169,0.594782271812621
gene-LOC124188688,0.161981493981747,5.45042136839973,0.496928148648858,0.594782271812621
gene-LOC124188647,-0.109162638379241,7.16193424864639,0.49741309279761,0.594782271812621
gene-LOC124188359,0.0782823212550028,8.79578265027067,0.499647966336476,0.596549390110822
gene-LOC124188327,-0.164590221919273,7.31267088597443,0.50567370642818,0.601038209456531
gene-LOC124188833,2.92736948403371,2.3606152312272,0.506271567362014,0.601038209456531
gene-LOC124188537,-0.0973366152261969,7.09457338586176,0.506367333168185,0.601038209456531
gene-LOC124188937,-0.129782501769027,7.35402789372664,0.506458592740021,0.601038209456531
gene-LOC124189035,-0.127281943499174,7.72413952951693,0.508691097158456,0.602779826407313
gene-LOC124189714,0.0710052188870722,8.54947310513966,0.509499358173835,0.602831072433906
gene-LOC124188826,0.117465063320556,8.34525217135997,0.515781601210777,0.609349178042117
gene-LOC124188568,0.106022362182601,8.85597952469148,0.5203630241368,0.613841411706285
gene-LOC124188709,-0.209879165859693,7.70174417879133,0.53268373982473,0.627436153934062
gene-LOC124188678,0.214090194661307,7.53654485497526,0.533677888122633,0.627668919165126
gene-LOC124188334,0.117150534023574,7.46871006976771,0.538326029919266,0.632192118593713
gene-LOC124188412,-0.090659036499242,8.76113320800106,0.543136101093501,0.636891737591784
gene-LOC124188714,-0.164351270155983,6.70997189370945,0.546201027332627,0.63953404091844
gene-LOC124188836,0.0541818086628126,12.1219408492619,0.548425066819965,0.641185389694559
gene-LOC124188651,-0.0641099608089276,9.14971527079235,0.550727679048767,0.64292357198582
gene-LOC124188380,0.166742704795267,6.49370954307897,0.552735503757004,0.644312983669407
gene-LOC124188278,-0.0919647332520142,8.6377860686491,0.555869978739377,0.647009665061491
gene-LOC124188986,0.0800195536304775,9.44099188388623,0.55826768390282,0.648567012981971
gene-LOC124188625,-0.0792038886900586,7.23295084177262,0.55942574835185,0.648567012981971
gene-COX1,-0.058247861945915,16.6148159897296,0.5596771178017,0.648567012981971
gene-LOC124188818,0.735624579037639,3.9268398777929,0.562827576766569,0.651260103512565
gene-LOC124188421,-0.102327549530621,9.48437530139895,0.571812582492847,0.660686678892029
gene-LOC124188793,0.348986486328954,7.05914993358902,0.572920378417342,0.660997449769935
gene-LOC124188439,-0.105737258380668,6.91680734380634,0.57937105250247,0.667303992312179
gene-LOC124188587,-0.128895816828772,7.40420483200991,0.580080247124166,0.667303992312179
gene-LOC124188392,0.0714433758662059,7.4999015050216,0.582844472014898,0.66950647805793
gene-LOC124189786,0.0502525485993453,9.38786565120484,0.588362936156462,0.674861708429829
gene-LOC124189770,-0.701413262485462,4.46046710588869,0.589541160886068,0.67523028310788
gene-LOC124188659,-0.247415805526822,4.9756023359459,0.596714649407716,0.682454490178926
gene-LOC124188757,-0.176085599744852,5.3507566619489,0.619204268408271,0.707149222472055
gene-LOC124188528,0.0539943578218986,14.4016136960438,0.622330933739156,0.709691426608474
gene-LOC124188508,0.0977158037215685,11.9748323580679,0.634456785565047,0.72247391188621
gene-LOC124188860,0.103985336710054,6.5709586107513,0.639004472833437,0.726602488589824
gene-LOC124188542,-0.300048627590116,3.3790567047251,0.642043216914133,0.72900584283622
gene-LOC124188740,-0.0705176165569776,12.3297892959745,0.644154359403166,0.730350554258554
gene-LOC124188344,-0.0547476179851791,9.99277203307482,0.646503431712705,0.731960781881625
gene-LOC124188632,-0.0520994076294711,8.50929662958168,0.65194314400307,0.736624262204955
gene-LOC124188535,0.114254385609169,9.32277306164871,0.65305229358674,0.736624262204955
gene-LOC124188832,-0.0488600971324367,10.7080849196255,0.653426851879776,0.736624262204955
gene-LOC124188357,0.0525104360653932,10.198211055288,0.665464139388408,0.749122488340093
gene-LOC124188988,0.0774110478944347,7.59756741604517,0.668257589558093,0.75119398084419
gene-LOC124188673,0.0552966608333697,9.66014762306972,0.678200701810236,0.761285118271319
gene-LOC124189751,0.0453208206875982,9.98397072897775,0.690513030125963,0.774003225802645
gene-LOC124188490,-0.0510179570733717,9.12673209670686,0.692993650895462,0.775680393331853
gene-CYTB,0.0499217093052338,15.1277129090498,0.698500004156809,0.780734756419242
gene-LOC124189044,-0.105283044167145,4.92802482008083,0.700631862968719,0.782008368299364
gene-LOC124188795,0.294380638272192,4.51981033818559,0.707062457239567,0.788069612878046
gene-LOC124188643,-0.0786381981808988,8.05033823507346,0.711786733380817,0.792214612858875
gene-LOC124189016,0.0577771304794847,7.08544231039561,0.716524073613563,0.796362440066979
gene-LOC124189727,0.369741638294611,6.53550942651539,0.718278767911754,0.797188266358398
gene-LOC124188293,-0.0341053240200611,9.83771192457429,0.736958200322091,0.816769425954722
gene-LOC124188478,0.0593347941591524,8.56116935840229,0.739888719353782,0.8188656051275
gene-LOC124188302,-0.0643322590631621,7.18579644088785,0.742223998702716,0.820298051862188
gene-LOC124188524,0.0492805102772193,10.8760480693819,0.746946605112135,0.824361239255409
gene-LOC124188288,0.0538743121518968,7.0521324725172,0.751836321803587,0.828597232980737
gene-LOC124188441,0.0644786742046772,8.47131493488543,0.753363982832878,0.829121254849592
gene-LOC124188501,-0.0635776815961554,8.96758894403355,0.75812163201492,0.832090831903748
gene-LOC124188670,0.0920973503269382,8.07142878234741,0.758174133638187,0.832090831903748
gene-LOC124188270,-0.0578790228217866,8.41260742281095,0.760073679810938,0.833015382045924
gene-LOC124189759,0.0697214457315279,8.44006603757359,0.76675804100791,0.839174078214213
gene-LOC124188719,-0.256545074286012,3.542303839838,0.769892730426822,0.84143616030005
gene-LOC124188283,0.056876529387287,9.17566080494461,0.777943390381031,0.84822600807723
gene-LOC124189402,0.543789771862005,2.8448057226728,0.778258126700301,0.84822600807723
gene-LOC124189731,-0.0763859720257502,9.54887502437205,0.788241580128736,0.857920393841774
gene-LOC124188717,-0.0606569787341303,8.52580144317425,0.803284065549678,0.873086680900891
gene-LOC124188791,-0.0858484784426215,5.37697426699838,0.807580693193637,0.876547639444334
gene-LOC124188922,-0.0200586673391129,9.2650504316736,0.810013287601804,0.877978639106219
gene-LOC124188718,0.0380348164861642,6.47041686395294,0.818904705142911,0.886396851171173
gene-LOC124188707,0.0256303281807267,10.5084309457934,0.830980746098365,0.898234331859412
gene-LOC124188374,-0.039761590161281,6.64394395473985,0.832482041908828,0.898624450718022
gene-LOC124188313,-0.0974199187563914,4.49137066786129,0.847133177824898,0.913188706054746
gene-LOC124188597,0.2515344918852,6.18257423991883,0.849310470846663,0.914285042386845
gene-LOC124189789,0.0455516228886808,7.80549618151927,0.853438104605486,0.91729176344248
gene-LOC124188559,-0.298184737001153,3.57527603647732,0.854431667978148,0.91729176344248
gene-LOC124188708,0.0240619840221782,6.77909446488981,0.857672264878909,0.919518020033442
gene-LOC124188815,-0.0397393874516238,9.3560107736516,0.865680612384883,0.926842829564249
gene-LOC124188831,-0.0145078827813323,10.4082098069303,0.870841013516822,0.931102739011202
gene-LOC124188609,-0.0365968361807659,7.77235460899911,0.883766336669624,0.943412910908473
gene-LOC124188449,-0.0204890781272625,8.9318907391965,0.884911747026487,0.943412910908473
gene-LOC124188859,-0.0378970426085871,5.6926669935151,0.88594613460948,0.943412910908473
gene-LOC124188889,0.122269725478087,4.51482126082735,0.892429564976521,0.949034409178811
gene-LOC124188742,-0.036922644575689,8.29149098796951,0.896537434318635,0.952117922160492
gene-LOC124188684,0.0690689742459711,5.23496017933975,0.898583547406293,0.952297632066614
gene-LOC124188802,0.0177420854338719,9.50491900639393,0.899940087850045,0.952297632066614
gene-LOC124189706,-0.0477666417154852,6.76724247559572,0.900332152144197,0.952297632066614
gene-LOC124189030,-0.0339552539128479,9.05271735106043,0.910001009519276,0.96123431032331
gene-LOC124189698,0.016686362906285,8.85601474103001,0.920625780147445,0.971155441440679
gene-LOC124188579,0.0125073009301632,9.13416017152159,0.923068055769809,0.972429983885841
gene-LOC124189121,0.0212229738512448,9.36539454660708,0.927170273689995,0.975447497553693
gene-LOC124188443,0.0251787505828546,7.93189630753917,0.935370949832054,0.982628923965573
gene-LOC124188515,0.0528859555625376,5.88767081028284,0.936490256215921,0.982628923965573
gene-LOC124188395,-0.0356052123120966,6.4995138128798,0.937847261190789,0.982744204545667
gene-LOC124189733,0.0482714596868395,8.76102244407312,0.939460958056405,0.983084905058104
gene-LOC124188998,-0.00947514530813501,10.8139231869693,0.940667536058135,0.983084905058104
gene-LOC124188452,-0.057682035483945,4.99832564033288,0.942172407734701,0.983353453370788
gene-LOC124188853,0.0118362684779841,8.46346742846335,0.953480107285333,0.993839053625453
gene-LOC124188365,0.0159256160389802,10.0599494965929,0.954974328017407,0.994081599045861
gene-LOC124188624,-0.0063221030049175,13.5092752397763,0.95756979499736,0.995468335696464
gene-LOC124188497,0.00468575445878867,13.6909950669468,0.959660647112819,0.996327522957709
gene-LOC124188329,-0.0295182188346162,6.38856775343736,0.966725091511868,1
gene-LOC124188803,0.0197530838650699,6.46629174893498,0.97289843457455,1
gene-LOC124189787,0.00303466810510461,13.4507567151508,0.974511291397332,1
gene-LOC124188723,-1.68725142217355,2.57828906074228,0.999999999999997,1
gene-LOC124189814,2.11386512903904,2.49537053792535,0.999999999999999,1
gene-LOC124188289,0.108109805790015,3.27722673310646,0.999999999999999,1
gene-LOC124188786,2.10726440866824,2.714426984141,1,1
gene-LOC124188776,1.25081134451144,2.64028361130528,1,1
gene-LOC124189723,0.494337784952067,3.56847541486725,1,1
gene-LOC124188606,0.42811689808188,2.97725603484572,1,1
gene-LOC124189740,0.426591654048931,4.03139421226671,1,1
gene-LOC124188546,0.425927255190058,5.29769110240559,1,1
gene-LOC124188384,0.417762609270969,3.58536298220101,1,1
gene-LOC124188491,-0.37219190168372,2.6106111334426,1,1
gene-LOC124188891,-0.201931095361991,3.06129901817131,1,1
gene-LOC124188445,-0.124200450454714,3.283196198836,1,1
gene-LOC124189683,-0.0119492547108648,5.32324364458242,1,1
gene-LOC124188391,0.00522699648081297,3.38115222721497,1,1
gene-LOC124188595,-0.00156989522713304,6.39248090295868,1,1
gene-LOC124188405,0,4.07938358790673,1,1
gene-LOC124188504,0,2.56433114425565,1,1
gene-LOC124188545,0,3.38373893795168,1,1
gene-LOC124188598,0,2.50990335026457,1,1
gene-LOC124188724,0,2.84476863052458,1,1
gene-LOC124188920,0,2.70979443811195,1,1
gene-LOC124189047,0,2.44222786090012,1,1
gene-LOC124189664,0,3.41810207758813,1,1
gene-LOC124189696,0,5.11492030241935,1,1
gene-LOC124189739,0,3.25130607239308,1,1
